{
  "config": {
    "seed": 42,
    "pca_dim": 100,
    "hidden_dim": 1024,
    "n_layers": 4,
    "batch_size": 512,
    "lr": 0.0003,
    "epochs": 100,
    "temperature": 0.05,
    "n_genes": 17725,
    "device": "cuda"
  },
  "results": {
    "25000": {
      "cosine_auc": 0.9237501780800002,
      "pam_auc": 0.336033516,
      "cb_cosine_auc": 0.5028242747699762,
      "cb_pam_auc": 0.29806382657061387,
      "cb_n_pos": 117,
      "cb_n_neg": 12155,
      "final_loss": 5.93198638059655,
      "alpha": 0.4720357656478882,
      "losses": [
        6.237212628734355,
        6.234487728196747,
        6.2344328627294425,
        6.2340997189891585,
        6.233435163692552,
        6.232070942314303,
        6.231728943026796,
        6.2314576324151485,
        6.229964139510174,
        6.22900052946441,
        6.229049497721147,
        6.228078900551309,
        6.227862484601079,
        6.226962245240504,
        6.226019246237619,
        6.224385495088538,
        6.22391921646741,
        6.2217093876429965,
        6.220146957708865,
        6.217731816428048,
        6.213111887172777,
        6.210274774201062,
        6.204167278445497,
        6.1953711704332,
        6.183917249952044,
        6.172803285170574,
        6.149457240591244,
        6.130539757864816,
        6.110762858877377,
        6.09711723911519,
        6.0814026423863,
        6.070840592287024,
        6.05752740587507,
        6.045834375887501,
        6.034232937559789,
        6.025604977899668,
        6.016641451387989,
        6.01047319295455,
        6.002229768402723,
        5.998425143105643,
        5.993865081242153,
        5.9872031990362675,
        5.984784457148338,
        5.982382803547139,
        5.97977065066902,
        5.975247441505899,
        5.973732247644541,
        5.970895932645214,
        5.970460385692363,
        5.967764153772471,
        5.965271375617203,
        5.962504523141043,
        5.962014383199263,
        5.9600828813046824,
        5.959399476343272,
        5.959356210669693,
        5.956810669023163,
        5.9564883660297,
        5.954278089562241,
        5.953766141619001,
        5.952504732170883,
        5.950930030978456,
        5.9508567051011685,
        5.949768202645438,
        5.949160955390152,
        5.947606592762227,
        5.9469795616305605,
        5.945680326345015,
        5.945053772050507,
        5.944371739212348,
        5.943993821436045,
        5.9431045493301085,
        5.942183796240359,
        5.941466428795639,
        5.940774479690863,
        5.940508151540951,
        5.9392988049254125,
        5.93928339043442,
        5.938678449513961,
        5.9379154808667245,
        5.936945574624198,
        5.937002571261659,
        5.936457351762421,
        5.935471719625045,
        5.9347192803207705,
        5.934579411331488,
        5.934520507345394,
        5.933900677427953,
        5.933989291288415,
        5.9329670594663035,
        5.932949377565968,
        5.932589404437007,
        5.932447754606908,
        5.932082594657431,
        5.932362459143814,
        5.93187056755533,
        5.931421542654232,
        5.932066800642986,
        5.931510477649923,
        5.93198638059655
      ]
    },
    "50000": {
      "cosine_auc": 0.9162043335,
      "pam_auc": 0.34060394175,
      "cb_cosine_auc": 0.523792815510042,
      "cb_pam_auc": 0.29318414921474933,
      "cb_n_pos": 358,
      "cb_n_neg": 19576,
      "final_loss": 5.9465106555393765,
      "alpha": 0.4602395296096802,
      "losses": [
        6.236168545119616,
        6.234028714043753,
        6.233885643433552,
        6.232931482548616,
        6.231705042780662,
        6.2302626930937475,
        6.228930069475758,
        6.227039950234549,
        6.224743862541354,
        6.220946404398704,
        6.214932967205437,
        6.209068108578117,
        6.196457035687505,
        6.182278686640214,
        6.164938590964493,
        6.139214019386136,
        6.108864044656559,
        6.083420583180019,
        6.062768162513266,
        6.047682961639093,
        6.0373841451138865,
        6.028193400830639,
        6.020369748679959,
        6.014291826559573,
        6.009097921605012,
        6.004878447980297,
        6.000551102112751,
        5.996506360112404,
        5.99486628357245,
        5.990901377736305,
        5.989289823843508,
        5.987064809215312,
        5.9847419991785165,
        5.983326907060584,
        5.981709207807269,
        5.981046452814219,
        5.978784381126871,
        5.977750403540475,
        5.9762418999963876,
        5.975555736191419,
        5.974678122267431,
        5.973637619797064,
        5.973193207565619,
        5.9717651289336535,
        5.9714106442976975,
        5.970672417660149,
        5.969657966068813,
        5.969052937566017,
        5.968086889811924,
        5.967015441583127,
        5.965968565065033,
        5.965825650156761,
        5.965074923573708,
        5.96487266190198,
        5.963976996285575,
        5.962876495049924,
        5.9625067564905905,
        5.962155775148041,
        5.961203696776409,
        5.961548917147578,
        5.960286549159458,
        5.959779389050542,
        5.958852218121899,
        5.958689850203845,
        5.957701050505346,
        5.957517833125834,
        5.9565321182718085,
        5.956225633621216,
        5.955879206560096,
        5.95547325757085,
        5.95485595780976,
        5.9544994977055765,
        5.9538909756407445,
        5.953588996614728,
        5.9529152986954665,
        5.952690105048978,
        5.952201235051057,
        5.951467606486107,
        5.9513905437625185,
        5.950993036737247,
        5.950478364010246,
        5.95003223905758,
        5.9495221644031755,
        5.949727384411559,
        5.949174905309872,
        5.9486267469367204,
        5.948712947417278,
        5.948284640604136,
        5.948068501997967,
        5.947844485847318,
        5.9476228149569765,
        5.947435150341112,
        5.947122948510306,
        5.946926165600212,
        5.946894241839039,
        5.946919275789845,
        5.946676191018552,
        5.946490657572844,
        5.946596967930696,
        5.9465106555393765
      ]
    },
    "100000": {
      "cosine_auc": 0.907525038225,
      "pam_auc": 0.279369211775,
      "cb_cosine_auc": 0.5493926967433411,
      "cb_pam_auc": 0.3132506690994713,
      "cb_n_pos": 947,
      "cb_n_neg": 19581,
      "final_loss": 5.965883853484173,
      "alpha": 0.4272496700286865,