{
  "config": {
    "seed": 42,
    "pca_dim": 100,
    "hidden_dim": 1024,
    "n_layers": 4,
    "batch_size": 512,
    "lr": 0.0003,
    "epochs": 100,
    "temperature": 0.05,
    "n_random_neg": 1023,
    "n_pairs": 200000,
    "n_genes": 17725,
    "device": "cuda",
    "strategy": "random_negatives"
  },
  "training": {
    "final_loss": 6.7067776128764045,
    "alpha": 0.6083930730819702,
    "losses": [
      0.021447891433656406,
      0.04315218084063999,
      0.04865891503555995,
      0.19049663147768334,
      0.08385276956337738,
      0.2217921299371297,
      0.23819197631846104,
      0.16960191071442107,
      0.17833027503228982,
      0.1393907101090142,
      0.2576986964353308,
      0.270679211405063,
      0.23906351378566557,
      0.1437462304117065,
      0.19305908805473357,
      0.4072668721543296,
      0.28076857445842546,
      0.2869436341556176,
      0.2562208138165656,
      0.36575635124342076,
      0.22315205182574852,
      0.13990404346662186,
      0.2674860061300994,
      0.41577301220670626,
      0.5414484543160147,
      0.3279629422779269,
      0.48947868495643654,
      0.3316687570135716,
      0.502611843575428,
      0.4236471926492146,
      0.387499566555864,
      0.40205984524346394,
      0.6748263160487973,
      0.2337817025550729,
      0.6075587781183981,
      0.43899968684242463,
      0.3020994137544447,
      0.3216728947182764,
      0.3093021252482702,
      0.49203604901247583,
      0.45380271213262624,
      0.6253150639879277,
      1.0709571173721852,
      0.7817693862378063,
      1.7893313543771006,
      1.094222448894854,
      2.067698208496089,
      1.543849036983593,
      2.5839420555402404,
      2.0510710830921712,
      2.254278430457363,
      0.8331544849166499,
      0.7018745675890842,
      0.3402632867469026,
      0.5823375117307639,
      0.8951845024402737,
      0.935444679237483,
      1.5483330753691438,
      0.9270620606744381,
      2.2463669843323855,
      1.8967106348222784,
      3.0398522172852056,
      1.4639702759911795,
      3.695421894835999,
      2.7779707982564523,
      4.605510249943532,
      1.929670201428711,
      5.6725271828949,
      4.7120345913235795,
      4.630260682395657,
      2.2869944729844627,
      6.065528482427378,
      3.3833742040350003,
      1.8251507397541,
      5.378693195864978,
      6.5499786001337155,
      5.346285995924869,
      6.620986578714512,
      6.478446029946017,
      6.708622100713003,
      6.593483689495974,
      6.6877499541358265,
      6.671229957619591,
      6.623549954055825,
      6.711763958796821,
      6.653747770792383,
      6.6935413414255125,
      6.702625219779247,
      6.696390267833115,
      6.708754919983846,
      6.706590762223734,
      6.709023482964167,
      6.707463581543749,
      6.707900368039261,
      6.707598547191571,
      6.707317702300713,
      6.707037570836294,
      6.706905125961889,
      6.706784922753454,
      6.7067776128764045
    ]
  },
  "coessentiality_eval": {
    "n_pos": 200000,
    "n_neg": 200000,
    "cosine_auc": 0.8963926086125,
    "pam_auc": 0.9235992358749999,
    "pos_cos_mean": 0.9131990671157837,
    "pos_pam_mean": 0.9989529848098755,
    "neg_cos_mean": 0.0017000864027068019,
    "neg_pam_mean": 0.9218259453773499,
    "cb0.1_cosine_auc": 0.5388774716162775,
    "cb0.1_pam_auc": 0.945747958923332,
    "cb0.1_delta": 0.40687048730705444,
    "cb0.1_n_pos": 1608,
    "cb0.1_n_neg": 9750,
    "cb0.2_cosine_auc": 0.5703664435903204,
    "cb0.2_pam_auc": 0.9471052199321073,
    "cb0.2_delta": 0.3767387763417869,
    "cb0.2_n_pos": 2327,
    "cb0.2_n_neg": 19593,
    "cb0.3_cosine_auc": 0.5979666904211597,
    "cb0.3_pam_auc": 0.9451443551076447,
    "cb0.3_delta": 0.34717766468648503,
    "cb0.3_n_pos": 3088,
    "cb0.3_n_neg": 29210
  },
  "string_validation": {
    "400": {
      "n_pairs": 819162,
      "cosine_auc": 0.6510852181253526,
      "pam_auc": 0.6157966893361753,
      "delta": -0.03528852878917732,
      "cb_cosine_auc": 0.5159912467957022,
      "cb_pam_auc": 0.5371062739195319,
      "cb_delta": 0.021115027123829733,
      "cb_n_pos": 66588
    },
    "700": {
      "n_pairs": 207612,
      "cosine_auc": 0.6924698868321677,
      "pam_auc": 0.6639388519931411,
      "delta": -0.028531034839026637,
      "cb_cosine_auc": 0.5162362618858141,
      "cb_pam_auc": 0.5483605442904236,
      "cb_delta": 0.03212428240460952,
      "cb_n_pos": 14606
    },
    "900": {
      "n_pairs": 88922,
      "cosine_auc": 0.7117687246688109,
      "pam_auc": 0.6949964342626123,
      "delta": -0.016772290406198653,
      "cb_cosine_auc": 0.5223623109010314,
      "cb_pam_auc": 0.5517792460962042,
      "cb_delta": 0.029416935195172855,
      "cb_n_pos": 5734
    }
  },
  "elapsed_seconds": 238.31290197372437
}