{
  "best_N": 200000,
  "full_model": {
    "cosine_auc": 0.8963926086125,
    "pam_auc": 0.3793892288125,
    "cb_cosine_auc": 0.5703664435903204,
    "cb_pam_auc": 0.3833338257344437,
    "cb_n_pos": 2327,
    "cb_n_neg": 19593,
    "final_loss": 5.990472720407159,
    "alpha": 0.3712826073169708,
    "losses": [
      6.237987584165295,
      6.236936876536025,
      6.235991858460409,
      6.233611723955939,
      6.221772518304303,
      6.173388822609201,
      6.101696694903361,
      6.072753290386151,
      6.059183025604014,
      6.049681395216061,
      6.043437904104247,
      6.039237287038428,
      6.035602722021625,
      6.033096186645196,
      6.030700400662239,
      6.028530158655113,
      6.02699120392275,
      6.025626543537735,
      6.023990914035027,
      6.02249212582093,
      6.021279156970246,
      6.019757723259499,
      6.019184204013756,
      6.017962569166023,
      6.016887367229023,
      6.016006653875951,
      6.015386682642085,
      6.014616554045616,
      6.013651605152413,
      6.01279508244351,
      6.012546077103871,
      6.011574935425273,
      6.010843445273006,
      6.010634313763865,
      6.009769332378417,
      6.0091484611296595,
      6.008655778587322,
      6.007975595381558,
      6.007445393925738,
      6.007177701691532,
      6.006655032067653,
      6.006052053797886,
      6.005666163266468,
      6.005147792494205,
      6.004828822582274,
      6.004350752476841,
      6.00394482502852,
      6.003341563827242,
      6.003238582854991,
      6.002612285906701,
      6.002201381546762,
      6.001962695890071,
      6.001549051240887,
      6.001044436793803,
      6.0007383390460785,
      6.00037196956937,
      6.000019021046436,
      5.999640225754369,
      5.999352349039843,
      5.999138265009731,
      5.9986260614126845,
      5.998219458343428,
      5.99798985698339,
      5.99757908067435,
      5.997317182438453,
      5.996983906192243,
      5.996668872930814,
      5.996418284638153,
      5.996127535924887,
      5.995793480397491,
      5.995499069428505,
      5.995153863716613,
      5.994850550161298,
      5.994605746110687,
      5.99430896071217,
      5.994202750418192,
      5.993865926552306,
      5.993735090241103,
      5.993305135565951,
      5.993108656705188,
      5.992893866565831,
      5.992523788491173,
      5.992400987678781,
      5.992177138852951,
      5.991983227107836,
      5.991837000298073,
      5.991698234587374,
      5.991385303799759,
      5.991418789719682,
      5.991073302295812,
      5.990904472673031,
      5.99107914751448,
      5.990723624558705,
      5.990743323665141,
      5.99073295642043,
      5.99048295960097,
      5.990473800912842,
      5.990475681431763,
      5.990410160835442,
      5.990472720407159
    ]
  },
  "ablations": {
    "shuffled": {
      "cosine_auc": 0.8963926086125,
      "pam_auc": 0.4419900607375,
      "cb_cosine_auc": 0.5703664435903204,
      "cb_pam_auc": 0.5706471670562996,
      "cb_n_pos": 2327,
      "cb_n_neg": 19593
    },
    "similar_positives": {
      "cosine_auc": 0.8963926086125,
      "pam_auc": 0.7097693558375,
      "cb_cosine_auc": 0.5703664435903204,
      "cb_pam_auc": 0.48686408727005825,
      "cb_n_pos": 2327,
      "cb_n_neg": 19593
    },
    "random_negatives": {
      "cosine_auc": 0.8963926086125,
      "pam_auc": 0.955954619525,
      "cb_cosine_auc": 0.5703664435903204,
      "cb_pam_auc": 0.9929913885077442,
      "cb_n_pos": 2327,
      "cb_n_neg": 19593
    },
    "inductive_70_30": {
      "cosine_auc": 0.8960101291666667,
      "pam_auc": 0.23455125116666664,
      "cb_cosine_auc": 0.5719148393528903,
      "cb_pam_auc": 0.21602027192824835,
      "cb_n_pos": 661,
      "cb_n_neg": 19575,
      "n_train": 140000,
      "n_test": 60000
    }
  },
  "elapsed_seconds": 575.8371098041534
}