{
  "config": {
    "seed": 42,
    "pca_dim": 50,
    "hidden_dim": 1024,
    "n_layers": 4,
    "batch_size": 512,
    "lr": 0.0003,
    "epochs": 100,
    "temperature": 0.05,
    "n_pairs": 41434,
    "n_perturbations": 2285,
    "device": "cuda"
  },
  "main": {
    "cosine_auc": 0.6442311828450065,
    "lambda_sweep": {
      "0.1": 0.6516816380267414,
      "0.2": 0.6606484838538398,
      "0.3": 0.6716071921610272,
      "0.4": 0.6852566824347154,
      "0.5": 0.7025795824685042,
      "0.6": 0.7249842008978133,
      "0.7": 0.7544412161509871,
      "0.8": 0.7931974043056427,
      "0.9": 0.8397193611526766
    },
    "best_lambda": 0.9,
    "best_auc": 0.8397193611526766,
    "assoc_only_auc": 0.8771498539846503,
    "cross_boundary_cosine_auc": 0.5341980553565762,
    "cross_boundary_n_pos": 10592,
    "cross_boundary_n_neg": 19599,
    "cross_boundary_lambda_sweep": {
      "0.1": 0.5661393347878746,
      "0.2": 0.6025482516217533,
      "0.3": 0.6435893468807907,
      "0.4": 0.6888696610044998,
      "0.5": 0.7364916095663676,
      "0.6": 0.7817216232477796,
      "0.7": 0.8184643188258417,
      "0.8": 0.843102262581527,
      "0.9": 0.8562323640155819
    },
    "cross_boundary_best_auc": 0.8562323640155819,
    "cross_boundary_best_lambda": 0.9,
    "easy_cosine_auc": 0.8989374495541999,
    "easy_best_auc": 0.9653483786954481,
    "easy_best_lambda": 0.9,
    "easy_n_pos": 21310,
    "hard_cosine_auc": 0.4673749537386707,
    "hard_best_auc": 0.7729114388217523,
    "hard_best_lambda": 0.9,
    "hard_n_pos": 10592,
    "train_acc": 0.03287155476178984,
    "final_loss": 4.541452178248653,
    "alpha": 0.47200778126716614,
    "losses": [
      5.8689410303845815,
      5.457261974428907,
      5.321712894204222,
      5.235728770126531,
      5.170677031999753,
      5.113772804354444,
      5.073536908185041,
      5.031304206377194,
      5.00141700108846,
      4.970882462866513,
      4.944385128256715,
      4.925601600128927,
      4.901854297261179,
      4.884602281782362,
      4.866069469922855,
      4.853382540337833,
      4.839202250963376,
      4.8261864214767645,
      4.815048341397886,
      4.804634382695328,
      4.796627674573734,
      4.788815492465172,
      4.7772586375107,
      4.7697665073253495,
      4.761832596343241,
      4.757325260727494,
      4.750587645872139,
      4.743969658274709,
      4.737500037676022,
      4.734272797902425,
      4.729580867437669,
      4.7218279661955656,
      4.71633869924663,
      4.711691903479306,
      4.70789134060895,
      4.702986887943598,
      4.699820765742549,
      4.694846006087315,
      4.690466739513256,
      4.689507248960895,
      4.681373772797762,
      4.680469118518594,
      4.675980085208092,
      4.671176362920691,
      4.669430332419313,
      4.663923575554365,
      4.660946428039928,
      4.6582676393014415,
      4.654126861949026,
      4.651581940827547,
      4.647491366774948,
      4.643425717765902,
      4.63859432126269,
      4.6382638142432695,
      4.634851096588888,
      4.629642239323369,
      4.626436527864433,
      4.6251931543703435,
      4.62291059376281,
      4.617803296925109,
      4.615348121266306,
      4.613558875189887,
      4.612299295119297,
      4.608147815421775,
      4.604896875075352,
      4.603525832847312,
      4.598287517641798,
      4.596096150669051,
      4.592199054765112,
      4.591748932261526,
      4.588484522737103,
      4.5870677453500255,
      4.583694611066654,
      4.5814704188594115,
      4.577653113706612,
      4.576211511352916,
      4.573049103772199,
      4.570918312779179,
      4.567621925730764,
      4.566414526951166,
      4.5644373481656295,
      4.561523937884672,
      4.56085620103059,
      4.558153170126456,
      4.557078485135679,
      4.555910687387725,
      4.5532265710242,
      4.553179287616118,
      4.550555888517403,
      4.549510296480156,
      4.5477632298881625,
      4.547056256988903,
      4.545999344484306,
      4.545108165270016,
      4.544860192287115,
      4.543535833005552,
      4.5434422905062455,
      4.544502181771361,
      4.541805355637162,
      4.541452178248653
    ],
    "bootstrap_ci": {
      "best_lambda": 0.9,
      "auc_diff_mean": 0.19548198447822274,
      "auc_diff_ci_lo": 0.19296259358693588,
      "auc_diff_ci_hi": 0.19802266771170388,
      "cross_boundary_ci": {
        "lo": 0.31477324988381783,
        "hi": 0.32918752307399174,
        "mean": 0.3220003892791472
      }
    }
  },
  "ablations": {
    "shuffled": {
      "cosine_auc": 0.6442311828450065,
      "lambda_sweep": {
        "0.1": 0.6445232613312738,
        "0.2": 0.6448559880774243,
        "0.3": 0.6452296517352898,
        "0.4": 0.6456478008398899,
        "0.5": 0.6460860228314911,
        "0.6": 0.646439106048173,
        "0.7": 0.6463010525172563,
        "0.8": 0.643789817299802,
        "0.9": 0.6286408077907033
      },
      "best_lambda": 0.6,
      "best_auc": 0.646439106048173,
      "assoc_only_auc": 0.5479223700342714,
      "cross_boundary_cosine_auc": 0.5341980553565762,
      "cross_boundary_n_pos": 10592,
      "cross_boundary_n_neg": 19599,
      "cross_boundary_lambda_sweep": {
        "0.1": 0.5342005867569235,
        "0.2": 0.5340530453762593,
        "0.3": 0.5336571208739763,
        "0.4": 0.5329426951464475,
        "0.5": 0.5318129511624999,
        "0.6": 0.5297341512275813,
        "0.7": 0.5261427059098367,
        "0.8": 0.5203934091911404,
        "0.9": 0.513083852195739
      },
      "cross_boundary_best_auc": 0.5342005867569235,
      "cross_boundary_best_lambda": 0.1,
      "easy_cosine_auc": 0.8989374495541999,
      "easy_best_auc": 0.9010518108869074,
      "easy_best_lambda": 0.5,
      "easy_n_pos": 21310,
      "hard_cosine_auc": 0.4673749537386707,
      "hard_best_auc": 0.4673829324018127,
      "hard_best_lambda": 0.1,
      "hard_n_pos": 10592,
      "train_acc": 0.03892938166722981
    },
    "similar_positives": {
      "cosine_auc": 0.6442311828450065,
      "lambda_sweep": {
        "0.1": 0.6460038157069073,
        "0.2": 0.6478173584495825,
        "0.3": 0.6496585692909205,
        "0.4": 0.6515242730607713,
        "0.5": 0.6534094055606507,
        "0.6": 0.6552974571607859,
        "0.7": 0.6571743572911135,
        "0.8": 0.6590140560892022,
        "0.9": 0.6607863677173336
      },
      "best_lambda": 0.9,
      "best_auc": 0.6607863677173336,
      "assoc_only_auc": 0.6624290527103345,
      "cross_boundary_cosine_auc": 0.5341980553565762,
      "cross_boundary_n_pos": 10592,
      "cross_boundary_n_neg": 19599,
      "cross_boundary_lambda_sweep": {
        "0.1": 0.5362925687604445,
        "0.2": 0.5382401573759312,
        "0.3": 0.5399707247764814,
        "0.4": 0.5414265882723531,
        "0.5": 0.5425169618756367,
        "0.6": 0.5431668694099165,
        "0.7": 0.5434032795618619,
        "0.8": 0.543140953265542,
        "0.9": 0.5424601775801189
      },
      "cross_boundary_best_auc": 0.5434032795618619,
      "cross_boundary_best_lambda": 0.7,
      "easy_cosine_auc": 0.8989374495541999,
      "easy_best_auc": 0.9128946489910841,
      "easy_best_lambda": 0.8,
      "easy_n_pos": 21310,
      "hard_cosine_auc": 0.4673749537386707,
      "hard_best_auc": 0.47752862443353467,
      "hard_best_lambda": 0.9,
      "hard_n_pos": 10592,
      "train_acc": 0.05420669015784139
    },
    "random_negatives": {
      "cosine_auc": 0.6442311828450065,
      "lambda_sweep": {
        "0.1": 0.6603929483033257,
        "0.2": 0.6782372392238258,
        "0.3": 0.6976439667905585,
        "0.4": 0.718308182893276,
        "0.5": 0.7398349254235651,
        "0.6": 0.7618689593087801,