{
  "low": {
    "score": 400,
    "n_pairs": 93562,
    "train_acc": 0.015348111412753041,
    "final_loss": 5.202033240938447,
    "alpha": 0.42261242866516113,
    "eval": {
      "cosine_auc": 0.5703023052093799,
      "assoc_only_auc": 0.7999217120198371,
      "lambda_sweep": {
        "0.1": 0.5754166452192129,
        "0.2": 0.5816546405592014,
        "0.3": 0.589424918022274,
        "0.4": 0.5993402300079091,
        "0.5": 0.6123590505760885,
        "0.6": 0.6300299570338385,
        "0.7": 0.6549033180137235,
        "0.8": 0.6912265605694619,
        "0.9": 0.7439370116072765
      },
      "best_auc": 0.7439370116072765,
      "best_lambda": 0.9,
      "cb_cosine_auc": 0.5294214349998677,
      "cb_best_auc": 0.7775527057621209,
      "cb_best_lambda": 0.9,
      "cb_n_pos": 32650,
      "easy_cosine_auc": 0.8781221801107769,
      "easy_best_auc": 0.9393825675485702,
      "easy_n_pos": 35567,
      "hard_cosine_auc": 0.46564848851454826,
      "hard_best_auc": 0.6772413093415007,
      "hard_n_pos": 32650
    },
    "clusters": {
      "expression": {
        "n_clusters": 36,
        "n_clustered": 1088,
        "sizes": [
          485,
          108,
          46,
          46,
          36,
          29,
          28,
          25,
          20,
          20,
          19,
          16,
          16,
          15,
          14,
          13,
          13,
          12,
          12,
          10,
          9,
          8,
          8,
          8,
          7,
          7,
          7,
          7,
          6,
          6,
          6,
          6,
          5,
          5,
          5,
          5
        ]
      },
      "association": {
        "n_clusters": 38,
        "n_clustered": 739,
        "sizes": [
          135,
          93,
          54,
          42,
          32,
          32,
          27,
          25,
          24,
          19,
          19,
          15,
          13,
          13,
          12,
          12,
          12,
          12,
          11,
          11,
          10,
          10,
          9,
          9,
          9,
          9,
          9,
          8,
          7,
          6,
          5,
          5,
          5,
          5,
          5,
          5,
          5,
          5
        ]
      },
      "n_pam_specific": 24,
      "pam_enriched_gt2x": 24,
      "mean_enrichment": 30.050218282847993,
      "space_correlation": 0.05399901923102618
    },
    "top_pam_clusters": [
      {
        "size": 9,
        "string_enrichment": 41.05541342858522,
        "pct_noise_expr": 0.7777777777777778,
        "genes_sample": [
          "INTS1",
          "INTS2",
          "INTS3",
          "INTS4",
          "INTS5",
          "INTS6",
          "INTS7",
          "INTS8"
        ]
      },
      {
        "size": 12,
        "string_enrichment": 41.05541342858522,
        "pct_noise_expr": 0.5833333333333334,
        "genes_sample": [
          "ATP6AP1",
          "ATP6AP2",
          "ATP6V0B",
          "ATP6V0C",
          "ATP6V0D1",
          "ATP6V1A",
          "ATP6V1B2",
          "ATP6V1C1"
        ]
      },
      {
        "size": 5,
        "string_enrichment": 41.05541342858522,
        "pct_noise_expr": 1.0,
        "genes_sample": [
          "SNAPC1",
          "SNAPC2",
          "SNAPC3",
          "SNAPC4",
          "SNAPC5"
        ]
      },
      {
        "size": 5,
        "string_enrichment": 41.05541342858522,
        "pct_noise_expr": 0.8,
        "genes_sample": [
          "POLR3C",
          "POLR3D",
          "POLR3E",
          "POLR3F",
          "POLR3H"
        ]
      },
      {
        "size": 9,
        "string_enrichment": 41.05541342858522,
        "pct_noise_expr": 0.7777777777777778,
        "genes_sample": [
          "CCNH",
          "CDK7",
          "ERCC2",
          "ERCC3",
          "GTF2H1",
          "GTF2H2",
          "GTF2H3",
          "GTF2H4"
        ]
      }
    ]
  },
  "medium": {
    "score": 700,
    "n_pairs": 41434,
    "train_acc": 0.03287155476178984,
    "final_loss": 4.541452178248653,
    "alpha": 0.47200778126716614,
    "eval": {
      "cosine_auc": 0.6442311828450065,
      "assoc_only_auc": 0.8771498539846503,
      "lambda_sweep": {
        "0.1": 0.6516816380267414,
        "0.2": 0.6606484838538398,
        "0.3": 0.6716071921610272,
        "0.4": 0.6852566824347154,
        "0.5": 0.7025795824685042,
        "0.6": 0.7249842008978133,
        "0.7": 0.7544412161509871,
        "0.8": 0.7931974043056427,
        "0.9": 0.8397193611526766
      },
      "best_auc": 0.8397193611526766,
      "best_lambda": 0.9,
      "cb_cosine_auc": 0.5341980553565762,
      "cb_best_auc": 0.8562323640155819,
      "cb_best_lambda": 0.9,
      "cb_n_pos": 10592,
      "easy_cosine_auc": 0.8989374495541999,
      "easy_best_auc": 0.9653483786954481,
      "easy_n_pos": 21310,
      "hard_cosine_auc": 0.4673749537386707,
      "hard_best_auc": 0.7729114388217523,
      "hard_n_pos": 10592
    },
    "clusters": {
      "expression": {
        "n_clusters": 36,
        "n_clustered": 1088,
        "sizes": [
          485,
          108,
          46,
          46,
          36,
          29,
          28,
          25,
          20,
          20,
          19,
          16,
          16,
          15,
          14,
          13,
          13,
          12,
          12,
          10,
          9,
          8,
          8,
          8,
          7,
          7,
          7,
          7,
          6,
          6,
          6,
          6,
          5,
          5,
          5,
          5
        ]
      },
      "association": {
        "n_clusters": 58,
        "n_clustered": 885,
        "sizes": [
          89,
          46,
          44,
          43,
          34,
          33,
          29,
          28,
          25,
          22,
          20,
          19,
          19,
          19,
          17,
          17,
          16,
          15,
          15,
          14,
          14,
          14,
          13,
          13,
          13,
          12,
          12,
          11,
          10,
          10,
          9,
          9,
          9,
          9,
          9,
          9,
          8,
          8,
          8,
          8,
          8,
          8,
          8,
          7,
          7,
          7,
          7,
          7,
          6,
          6,
          6,
          6,
          5,
          5,
          5,
          5,
          5,
          5
        ]
      },
      "n_pam_specific": 30,
      "pam_enriched_gt2x": 30,
      "mean_enrichment": 31.62687634463051,
      "space_correlation": 0.10273895675218558
    },
    "top_pam_clusters": [
      {
        "size": 5,
        "string_enrichment": 41.05541342858522,
        "pct_noise_expr": 1.0,
        "genes_sample": [
          "NAA10",
          "NAA15",
          "NAA20",
          "NAA25",
          "NAA35"
        ]
      },
      {
        "size": 5,
        "string_enrichment": 41.05541342858522,
        "pct_noise_expr": 1.0,
        "genes_sample": [
          "CBLL1",
          "METTL14",
          "METTL16",
          "METTL3",
          "WTAP"
        ]
      },
      {
        "size": 6,
        "string_enrichment": 41.05541342858522,
        "pct_noise_expr": 0.6666666666666666,
        "genes_sample": [
          "DDX20",
          "GEMIN4",
          "GEMIN5",
          "GEMIN6",
          "GEMIN7",
          "GEMIN8"
        ]
      },
      {
        "size": 10,
        "string_enrichment": 41.05541342858522,
        "pct_noise_expr": 0.8,