{
  "medium": {
    "threshold": "medium",
    "threshold_score": 700,
    "n_total_pairs": 41434,
    "n_train_genes": 1291,
    "n_test_genes": 554,
    "n_train_pairs": 20263,
    "n_test_pairs": 21171,
    "test_both_unseen": 3767,
    "test_one_unseen": 17404,
    "train_acc": 0.043379558801756896,
    "alpha": 0.48981472849845886,
    "train_eval": {
      "cosine_auc": 0.637922074223955,
      "assoc_only_auc": 0.8886908093569559,
      "auc_lam_0.0": 0.637922074223955,
      "auc_lam_0.1": 0.6458949597789074,
      "auc_lam_0.2": 0.6555155218871834,
      "auc_lam_0.3": 0.6673287050288703,
      "auc_lam_0.4": 0.6821037284706115,
      "auc_lam_0.5": 0.7009418768198195,
      "auc_lam_0.6": 0.7253124413956473,
      "auc_lam_0.7": 0.7573321141982925,
      "auc_lam_0.8": 0.7994017391304348,
      "auc_lam_0.9": 0.8497946996989587,
      "auc_lam_1.0": 0.8886908093569559,
      "cb_cosine_auc": 0.5303826716369529,
      "cb_assoc_auc": 0.863024700069099,
      "cb_auc_lam_0.9": 0.8583056737398976,
      "cb_n_pos": 5380,
      "cb_n_neg": 19599
    },
    "test_eval": {
      "cosine_auc": 0.6502697964196307,
      "assoc_only_auc": 0.7763493056539607,
      "auc_lam_0.0": 0.6502697964196307,
      "auc_lam_0.1": 0.6547056737990647,
      "auc_lam_0.2": 0.6599863355533513,
      "auc_lam_0.3": 0.6663790827074773,
      "auc_lam_0.4": 0.6742346525908083,
      "auc_lam_0.5": 0.6840904043266733,
      "auc_lam_0.6": 0.6966718548958482,
      "auc_lam_0.7": 0.7130042246469227,
      "auc_lam_0.8": 0.7341596721930943,
      "auc_lam_0.9": 0.7585031519531434,
      "auc_lam_1.0": 0.7763493056539607,
      "cb_cosine_auc": 0.53813684735822,
      "cb_assoc_auc": 0.6885432918504111,
      "cb_auc_lam_0.9": 0.6895289209431918,
      "cb_n_pos": 5212,
      "cb_n_neg": 19599
    }
  },
  "high": {
    "threshold": "high",
    "threshold_score": 900,
    "n_total_pairs": 23268,
    "n_train_genes": 1181,
    "n_test_genes": 507,
    "n_train_pairs": 11833,
    "n_test_pairs": 11435,
    "test_both_unseen": 1854,
    "test_one_unseen": 9581,
    "train_acc": 0.06380461421448491,
    "alpha": 0.49745985865592957,
    "train_eval": {
      "cosine_auc": 0.6859639905349447,
      "assoc_only_auc": 0.9071685793966026,
      "auc_lam_0.0": 0.6859639905349447,
      "auc_lam_0.1": 0.6948663365165215,
      "auc_lam_0.2": 0.7054603583199528,
      "auc_lam_0.3": 0.7182380148736583,
      "auc_lam_0.4": 0.7338465106059325,
      "auc_lam_0.5": 0.7531039685624947,
      "auc_lam_0.6": 0.7769878745880165,
      "auc_lam_0.7": 0.8066691937801064,
      "auc_lam_0.8": 0.8426359131243135,
      "auc_lam_0.9": 0.8808539778585313,
      "auc_lam_1.0": 0.9071685793966026,
      "cb_cosine_auc": 0.5174296828184386,
      "cb_assoc_auc": 0.9022238156701636,
      "cb_auc_lam_0.9": 0.8961358587289965,
      "cb_n_pos": 2458,
      "cb_n_neg": 19580
    },
    "test_eval": {
      "cosine_auc": 0.6991047188456494,
      "assoc_only_auc": 0.8261161303017053,
      "auc_lam_0.0": 0.6991047188456494,
      "auc_lam_0.1": 0.7045823786620026,
      "auc_lam_0.2": 0.7110457166593791,
      "auc_lam_0.3": 0.7187714167031045,
      "auc_lam_0.4": 0.72812309838216,
      "auc_lam_0.5": 0.7395390336685614,
      "auc_lam_0.6": 0.7535524363795365,
      "auc_lam_0.7": 0.7707098102317446,
      "auc_lam_0.8": 0.7912893572365544,
      "auc_lam_0.9": 0.8130767756886752,
      "auc_lam_1.0": 0.8261161303017053,
      "cb_cosine_auc": 0.5190677378870879,
      "cb_assoc_auc": 0.7517701468380474,
      "cb_auc_lam_0.9": 0.7484465592386741,
      "cb_n_pos": 2248,
      "cb_n_neg": 19580
    }
  },
  "elapsed_seconds": 15.92347264289856
}