{
  "seeds": [
    42,
    123,
    456
  ],
  "per_seed": {
    "42": {
      "cosine_auc": 0.692421968368575,
      "assoc_only_auc": 0.9104101736290184,
      "auc_lam_0.9": 0.8834158036788723,
      "auc_lam_1.0": 0.9104101736290184,
      "cb_cosine_auc": 0.5182121621627488,
      "cb_auc_lam_0.9": 0.9017546113951851,
      "cb_auc_lam_1.0": 0.9082192196344223,
      "train_acc": 0.05165893072030256,
      "final_loss": 4.110176469968713,
      "alpha": 0.489918053150177
    },
    "123": {
      "cosine_auc": 0.692421968368575,
      "assoc_only_auc": 0.9101739715489083,
      "auc_lam_0.9": 0.8831573530170191,
      "auc_lam_1.0": 0.9101739715489083,
      "cb_cosine_auc": 0.5182121621627488,
      "cb_auc_lam_0.9": 0.9020015686405594,
      "cb_auc_lam_1.0": 0.9084594536694294,
      "train_acc": 0.051873818119305484,
      "final_loss": 4.112378244814665,
      "alpha": 0.4893030822277069
    },
    "456": {
      "cosine_auc": 0.692421968368575,
      "assoc_only_auc": 0.9112543003266288,
      "auc_lam_0.9": 0.8842601542891525,
      "auc_lam_1.0": 0.9112543003266288,
      "cb_cosine_auc": 0.5182121621627488,
      "cb_auc_lam_0.9": 0.9007927093702126,
      "cb_auc_lam_1.0": 0.9071791677501219,
      "train_acc": 0.05161595324050198,
      "final_loss": 4.109635031741599,
      "alpha": 0.49015164375305176
    }
  },
  "stats": {
    "auc_lam_0.9": {
      "mean": 0.8836111036616813,
      "std": 0.0004709205339323121,
      "values": [
        0.8834158036788723,
        0.8831573530170191,
        0.8842601542891525
      ]
    },
    "assoc_only_auc": {
      "mean": 0.9106128151681853,
      "std": 0.00046373502638155336,
      "values": [
        0.9104101736290184,
        0.9101739715489083,
        0.9112543003266288
      ]
    },
    "cb_auc_lam_0.9": {
      "mean": 0.9015162964686523,
      "std": 0.0005214918900181469,
      "values": [
        0.9017546113951851,
        0.9020015686405594,
        0.9007927093702126
      ]
    },
    "cb_auc_lam_1.0": {
      "mean": 0.907952613684658,
      "std": 0.0005556330072578655,
      "values": [
        0.9082192196344223,
        0.9084594536694294,
        0.9071791677501219
      ]
    },
    "train_acc": {
      "mean": 0.05171623402670334,
      "std": 0.00011280167145166198,
      "values": [
        0.05165893072030256,
        0.051873818119305484,
        0.05161595324050198
      ]
    },
    "final_loss": {
      "mean": 4.110729915508325,
      "std": 0.0011863195086902264,
      "values": [
        4.110176469968713,
        4.112378244814665,
        4.109635031741599
      ]
    },
    "alpha": {
      "mean": 0.4897909263769786,
      "std": 0.0003578967056957271,
      "values": [
        0.489918053150177,
        0.4893030822277069,
        0.49015164375305176
      ]
    }
  },
  "elapsed_seconds": 30.05717635154724
}