{
  "shuffled": {
    "auc_pam": 0.6362352920000001,
    "auc_cos": 0.5337144798,
    "auc_delta": 0.10252081220000009,
    "auc_pam_cb": 0.6370834593286835,
    "auc_cos_cb": 0.5410111222212024,
    "auc_delta_cb": 0.09607233710748109,
    "cb_pos_count": 120242,
    "cb_neg_count": 32031,
    "alpha": 0.6158604621887207,
    "n_pos": 200000,
    "n_neg": 50000
  },
  "similar_positives": {
    "auc_pam": 0.4822247433,
    "auc_cos": 0.5337144798,
    "auc_delta": -0.051489736499999994,
    "auc_pam_cb": 0.45713672296049096,
    "auc_cos_cb": 0.5410111222212024,
    "auc_delta_cb": -0.08387439926071144,
    "cb_pos_count": 120242,
    "cb_neg_count": 32031,
    "alpha": 0.1726139932870865,
    "n_pos": 200000,
    "n_neg": 50000
  },
  "random_negatives": {
    "auc_pam": 0.5629765090500001,
    "auc_cos": 0.5337144798,
    "auc_delta": 0.0292620292500001,
    "auc_pam_cb": 0.5676252498206853,
    "auc_cos_cb": 0.5410111222212024,
    "auc_delta_cb": 0.026614127599482895,
    "cb_pos_count": 120242,
    "cb_neg_count": 32031,
    "alpha": 0.7441200613975525,
    "n_pos": 200000,
    "n_neg": 50000
  },
  "inductive": {
    "auc_pam": 0.46026346059303297,
    "auc_cos": 0.541404478910613,
    "auc_delta": -0.08114101831758008,
    "auc_pam_cb": 0.46251642736552034,
    "auc_cos_cb": 0.5486610044291531,
    "auc_delta_cb": -0.08614457706363277,
    "cb_pos_count": 57464,
    "cb_neg_count": 32013,
    "alpha": 0.6331204771995544,
    "n_pos": 97229,
    "n_neg": 50000
  },
  "reference": {
    "auc_pam": 0.55418345815,
    "auc_cos": 0.5337144798,
    "auc_delta": 0.020468978350000055,
    "auc_pam_cb": 0.5578864358425675,
    "auc_cos_cb": 0.5410111222212024,
    "auc_delta_cb": 0.016875313621365073,
    "cb_pos_count": 120242,
    "cb_neg_count": 32031,
    "alpha": 0.657110869884491,
    "n_pos": 200000,
    "n_neg": 50000,
    "n_pairs": 200000
  },
  "best_n": 200000
}