{
  "moa": {
    "label": "MOA",
    "annotation_col": "moa",
    "n_drugs_annotated": 4325,
    "n_unique_annotations": 1072,
    "n_same_pairs": 45839,
    "n_diff_pairs": 91678,
    "auc_pam": 0.552713920102569,
    "auc_cos": 0.715592445263454,
    "auc_delta": -0.16287852516088497,
    "auc_pam_cb": 0.5108287170722927,
    "auc_cos_cb": 0.544496421691962,
    "same_pam_mean": 0.893458902835846,
    "diff_pam_mean": 0.8847745060920715,
    "same_cos_mean": 0.28433331847190857,
    "diff_cos_mean": 0.18228422105312347
  },
  "target": {
    "label": "Target",
    "annotation_col": "target",
    "n_drugs_annotated": 3464,
    "n_unique_annotations": 1829,
    "n_same_pairs": 7815,
    "n_diff_pairs": 15630,
    "auc_pam": 0.581953594171682,
    "auc_cos": 0.7718043863839452,
    "auc_delta": -0.1898507922122632,
    "auc_pam_cb": 0.5306418361505469,
    "auc_cos_cb": 0.5848374474433459,
    "same_pam_mean": 0.8980221152305603,
    "diff_pam_mean": 0.8837028741836548,
    "same_cos_mean": 0.333009272813797,
    "diff_cos_mean": 0.1849304735660553
  },
  "disease_area": {
    "label": "Disease Area",
    "annotation_col": "disease.area",
    "n_drugs_annotated": 1916,
    "n_unique_annotations": 202,
    "n_same_pairs": 146065,
    "n_diff_pairs": 100000,
    "auc_pam": 0.5125716752815528,
    "auc_cos": 0.5414613576832232,
    "auc_delta": -0.028889682401670447,
    "auc_pam_cb": 0.5046684468513164,
    "auc_cos_cb": 0.4998871864559006,
    "same_pam_mean": 0.8871973752975464,
    "diff_pam_mean": 0.8849440813064575,
    "same_cos_mean": 0.19584766030311584,
    "diff_cos_mean": 0.1800374984741211
  },
  "phase": {
    "label": "Phase",
    "annotation_col": "phase",
    "n_drugs_annotated": 4684,
    "n_unique_annotations": 8,
    "n_same_pairs": 3290372,
    "n_diff_pairs": 100000,
    "auc_pam": 0.5019275671945299,
    "auc_cos": 0.501416398036453,
    "auc_delta": 0.0005111691580769184,
    "auc_pam_cb": 0.5018650849627122,
    "auc_cos_cb": 0.4971209971728168,
    "same_pam_mean": 0.8859137296676636,
    "diff_pam_mean": 0.885641872882843,
    "same_cos_mean": 0.1808476746082306,
    "diff_cos_mean": 0.1794923096895218
  }
}