{
  "ib_10000": {
    "auc_pam": 0.29943376,
    "auc_cos": 0.54830666,
    "auc_delta": -0.24887289999999995,
    "auc_pam_cb": 0.30391464604849205,
    "auc_cos_cb": 0.5214120629681076,
    "auc_delta_cb": -0.21749741691961555,
    "cb_pos_count": 7439,
    "cb_neg_count": 7776,
    "alpha": 0.6050099730491638,
    "n_pos": 10000,
    "n_neg": 10000,
    "n_pairs": 10000,
    "neg_type": "inbatch"
  },
  "rn_10000": {
    "auc_pam": 0.39332341,
    "auc_cos": 0.54830666,
    "auc_delta": -0.15498324999999996,
    "auc_pam_cb": 0.39498438465500196,
    "auc_cos_cb": 0.5214120629681076,
    "auc_delta_cb": -0.12642767831310564,
    "cb_pos_count": 7439,
    "cb_neg_count": 7776,
    "alpha": 0.603503942489624,
    "n_pos": 10000,
    "n_neg": 10000,
    "n_pairs": 10000,
    "neg_type": "random"
  },
  "ib_100000": {
    "auc_pam": 0.6125635489000001,
    "auc_cos": 0.475860169,
    "auc_delta": 0.1367033799000001,
    "auc_pam_cb": 0.6208996965344151,
    "auc_cos_cb": 0.47467526815537103,
    "auc_delta_cb": 0.1462244283790441,
    "cb_pos_count": 79223,
    "cb_neg_count": 38995,
    "alpha": 0.5260611176490784,
    "n_pos": 100000,
    "n_neg": 50000,
    "n_pairs": 100000,
    "neg_type": "inbatch"
  },
  "rn_100000": {
    "auc_pam": 0.7931604883000001,
    "auc_cos": 0.475860169,
    "auc_delta": 0.3173003193000001,
    "auc_pam_cb": 0.7919969116248772,
    "auc_cos_cb": 0.47467526815537103,
    "auc_delta_cb": 0.31732164346950614,
    "cb_pos_count": 79223,
    "cb_neg_count": 38995,
    "alpha": 0.5865820050239563,
    "n_pos": 100000,
    "n_neg": 50000,
    "n_pairs": 100000,
    "neg_type": "random"
  },
  "ib_200000": {
    "auc_pam": 0.6744007761999999,
    "auc_cos": 0.4655555053,
    "auc_delta": 0.20884527089999994,
    "auc_pam_cb": 0.6787543964808709,
    "auc_cos_cb": 0.4668205220831225,
    "auc_delta_cb": 0.21193387439774836,
    "cb_pos_count": 159308,
    "cb_neg_count": 38928,
    "alpha": 0.5031956434249878,
    "n_pos": 200000,
    "n_neg": 50000,
    "n_pairs": 200000,
    "neg_type": "inbatch"
  },
  "rn_200000": {
    "auc_pam": 0.85010903425,
    "auc_cos": 0.4655555053,
    "auc_delta": 0.38455352894999995,
    "auc_pam_cb": 0.8418122378529329,
    "auc_cos_cb": 0.4668205220831225,
    "auc_delta_cb": 0.3749917157698104,
    "cb_pos_count": 159308,
    "cb_neg_count": 38928,
    "alpha": 0.5927929282188416,
    "n_pos": 200000,
    "n_neg": 50000,
    "n_pairs": 200000,
    "neg_type": "random"
  },
  "ib_25000": {
    "auc_pam": 0.5118524752,
    "auc_cos": 0.517579624,
    "auc_delta": -0.005727148800000026,
    "auc_pam_cb": 0.5153087895850358,
    "auc_cos_cb": 0.5033024996916242,
    "auc_delta_cb": 0.01200628989341157,
    "cb_pos_count": 19196,
    "cb_neg_count": 19498,
    "alpha": 0.5900338292121887,
    "n_pos": 25000,
    "n_neg": 25000,
    "n_pairs": 25000,
    "neg_type": "inbatch"
  },
  "rn_25000": {
    "auc_pam": 0.48816006079999996,
    "auc_cos": 0.517579624,
    "auc_delta": -0.029419563200000054,
    "auc_pam_cb": 0.49838311647353795,
    "auc_cos_cb": 0.5033024996916242,
    "auc_delta_cb": -0.004919383218086271,
    "cb_pos_count": 19196,
    "cb_neg_count": 19498,
    "alpha": 0.593714714050293,
    "n_pos": 25000,
    "n_neg": 25000,
    "n_pairs": 25000,
    "neg_type": "random"
  },
  "ib_50000": {
    "auc_pam": 0.5452427143999999,
    "auc_cos": 0.4950778106,
    "auc_delta": 0.05016490379999994,
    "auc_pam_cb": 0.5514854296001348,
    "auc_cos_cb": 0.48796474002722556,
    "auc_delta_cb": 0.06352068957290924,
    "cb_pos_count": 39140,
    "cb_neg_count": 39026,
    "alpha": 0.5626120567321777,
    "n_pos": 50000,
    "n_neg": 50000,
    "n_pairs": 50000,
    "neg_type": "inbatch"
  },
  "rn_50000": {
    "auc_pam": 0.6361194906,
    "auc_cos": 0.4950778106,
    "auc_delta": 0.14104167999999995,
    "auc_pam_cb": 0.6389124727220229,
    "auc_cos_cb": 0.48796474002722556,
    "auc_delta_cb": 0.15094773269479733,
    "cb_pos_count": 39140,
    "cb_neg_count": 39026,
    "alpha": 0.5873996019363403,
    "n_pos": 50000,
    "n_neg": 50000,
    "n_pairs": 50000,
    "neg_type": "random"
  },
  "best_config": {
    "key": "rn_200000",
    "neg_type": "random",
    "n_pairs": 200000,
    "auc_pam": 0.85010903425,
    "auc_cos": 0.4655555053
  }
}