{
  "shuffled": {
    "auc_pam": 0.9089838130499999,
    "auc_cos": 0.4655555053,
    "auc_delta": 0.44342830774999986,
    "auc_pam_cb": 0.9078998984914368,
    "auc_cos_cb": 0.4668205220831225,
    "auc_delta_cb": 0.4410793764083143,
    "cb_pos_count": 159308,
    "cb_neg_count": 38928,
    "alpha": 0.4551301598548889,
    "n_pos": 200000,
    "n_neg": 50000
  },
  "similar_positives": {
    "auc_pam": 0.55168033205,
    "auc_cos": 0.4655555053,
    "auc_delta": 0.08612482675,
    "auc_pam_cb": 0.5670058660076852,
    "auc_cos_cb": 0.4668205220831225,
    "auc_delta_cb": 0.10018534392456269,
    "cb_pos_count": 159308,
    "cb_neg_count": 38928,
    "alpha": 0.5901681780815125,
    "n_pos": 200000,
    "n_neg": 50000
  },
  "inductive": {
    "auc_pam": 0.29489229728085653,
    "auc_cos": 0.46761804955694786,
    "auc_delta": -0.17272575227609133,
    "auc_pam_cb": 0.2926920203883668,
    "auc_cos_cb": 0.4685447248884944,
    "auc_delta_cb": -0.17585270450012763,
    "cb_pos_count": 79244,
    "cb_neg_count": 38947,
    "alpha": 0.5896618962287903,
    "n_pos": 98634,
    "n_neg": 50000
  },
  "reference": {
    "auc_pam": 0.85010903425,
    "auc_cos": 0.4655555053,
    "auc_delta": 0.38455352894999995,
    "auc_pam_cb": 0.8418122378529329,
    "auc_cos_cb": 0.4668205220831225,
    "auc_delta_cb": 0.3749917157698104,
    "cb_pos_count": 159308,
    "cb_neg_count": 38928,
    "alpha": 0.5927929282188416,
    "n_pos": 200000,
    "n_neg": 50000,
    "n_pairs": 200000,
    "neg_type": "random"
  },
  "best_n": 200000,
  "best_neg_type": "random"
}